{
  "ecgpuwave_annotations": {
    "R": {
      "ph_mad": 17.126563745741826,
      "ecg_mad": 16.4188200305232,
      "ph_n": 68985,
      "ecg_n": 76663
    },
    "P": {
      "ph_mad": 9.091018418887272,
      "ecg_mad": 0.04420640992943977,
      "ph_n": 63196,
      "ecg_n": 94104
    },
    "T": {
      "ph_mad": 8.91484638364349,
      "ecg_mad": 0.02335049504950495,
      "ph_n": 72974,
      "ecg_n": 126250
    }
  },
  "manual_annotations": {
    "R": {
      "ph_mad": 17.126563745741826,
      "ecg_mad": 16.4188200305232,
      "ph_n": 68985,
      "ecg_n": 76663
    },
    "P": {
      "ph_mad": 11.530434782608696,
      "ecg_mad": 9.450222882615156,
      "ph_n": 2070,
      "ecg_n": 2692
    },
    "T": {
      "ph_mad": 10.333186036235086,
      "ecg_mad": 9.558458523840628,
      "ph_n": 2263,
      "ecg_n": 3062
    }
  }
}