{
  "R": {
    "ph_mad": 5.504242275856224,
    "ecg_mad": 0.50301518178554,
    "ph_n": 106193,
    "ecg_n": 108617
  },
  "P": {
    "ph_mad": 9.091018418887272,
    "ecg_mad": 0.04420640992943977,
    "ph_n": 63196,
    "ecg_n": 94104
  },
  "T": {
    "ph_mad": 8.91484638364349,
    "ecg_mad": 0.02335049504950495,
    "ph_n": 72974,
    "ecg_n": 126250
  }
}