subject,pyhearts_r_count,ecgpuwave_r_count,matched_count,recall,precision,mean_error_ms,median_error_ms,ph_unmatched,ecg_unmatched
sel302,150,1059,0,0.0,0.0,,,150,1059
sele0112,134,446,0,0.0,0.0,,,134,446
sel104,117,739,81,10.960757780784844,69.23076923076923,39.45679012345679,36.0,36,658
sele0114,685,438,0,0.0,0.0,,,685,438
sel100,1133,763,762,99.8689384010485,67.25507502206531,4.383202099737533,4.0,371,1
