subject,signal_length,duration_sec,sampling_rate,pyhearts_t_peaks,ecgpuwave_t_peaks,mean_amplitude,std_amplitude,snr_estimate,peak_to_peak,baseline_drift,noise_level,saturation_pct,flat_segments_pct,ratio
sel302,225000,900.0,250,150,1073,-0.08579995555555556,0.4425071493006867,0.193895071957931,9.094999999999999,0.023564878886936265,0.07228307947480223,0.0008888888888888888,6.646251761118939,0.13979496738117428
sele0112,225000,900.0,250,134,447,3.648666377777778,0.2007528580302755,18.17491623071948,2.0600000000000005,0.046161648230390144,0.012365795596178156,0.1448888888888889,25.737447721989877,0.29977628635346754
sel104,225000,900.0,250,117,870,4.898538755555554,0.22998704091077787,21.29919466834618,2.875,0.05493552247891356,0.032820243298066334,0.041777777777777775,12.508055591358183,0.13448275862068965
sele0114,225000,900.0,250,453,593,9.0366246,0.12892545437558528,70.09185768447657,1.8150000000000004,0.03560926887260901,0.0113863272215383,91.04577777777779,32.05792025742337,0.7639123102866779
sel100,225000,900.0,250,1133,1350,4.8187722444444425,0.19179856115398844,25.12413135662481,2.09,0.047014443904099874,0.02040591402334409,0.1617777777777778,13.069835865937183,0.8392592592592593
