peak,n,mean_error_ms,median_error_ms,within_20ms_pct,within_50ms_pct,outliers_removed,outliers_removed_pct
P,3796,30.464699683877765,20.0,51.31717597471022,73.1559536354057,0,0.0
T,4524,26.90450928381963,16.0,58.687002652519894,82.51547303271441,0,0.0
