mean_diff,std_diff,upper_limit,lower_limit,within_bounds_pct,n,peak,outliers_removed
-3.2310151878497204,8.417761123167356,13.267796613558296,-19.729826989257738,98.04156674660271,2502,p_peak,453
-10.055921052631579,3.2398877813703018,-3.705741001145787,-16.40610110411737,100.0,2432,r_peak,1082
-2.967884828349945,10.562234590732865,17.73409496948647,-23.66986462618636,93.13399778516057,2709,t_peak,686
