Fiducial,Mean MAD (ms),Median MAD (ms),Std MAD (ms),Total Matched,N Subjects,Outliers Removed
p_peak,8.041002277904328,8.0,7.370081783097827,2955,96,321
r_peak,11.058125741399763,12.0,5.929292841705091,3514,104,142
t_peak,10.149046793760832,8.0,11.401935346200355,3395,102,510
