subject,total_cycles,r_detected,s_detected,t_detected,r_rate,s_rate,t_rate,manual_r_count,manual_t_count,r_detection_rate_vs_manual,t_detection_rate_vs_manual
sel100,1081,1081,1071,1071,1.0,0.9907493061979649,0.9907493061979649,30,30,36.03333333333333,35.7
sel102,1059,1059,0,1059,1.0,0.0,1.0,85,85,12.458823529411765,12.458823529411765
sel103,1040,1039,1014,1014,0.9990384615384615,0.975,0.975,30,30,34.63333333333333,33.8
sel114,715,715,156,153,1.0,0.21818181818181817,0.213986013986014,50,50,14.3,3.06
sel116,836,836,833,833,1.0,0.9964114832535885,0.9964114832535885,50,50,16.72,16.66
sel117,502,502,471,471,1.0,0.9382470119521913,0.9382470119521913,30,30,16.733333333333334,15.7
sel123,233,233,233,233,1.0,1.0,1.0,30,30,7.766666666666667,7.766666666666667
