mean_diff,std_diff,upper_limit,lower_limit,within_bounds_pct,n,interval,outliers_removed
-25.66380682640425,50.96704906787125,74.2316093466234,-125.55922299943191,69.96960989022348,48371,RT,8763
59.66378954234156,164.45986136913208,382.00511782584044,-262.67753874115726,71.9534732036091,45995,TT,10586
