mean_diff,std_diff,upper_limit,lower_limit,within_bounds_pct,n,peak,outliers_removed
8.502375010063602,10.147932368375738,28.392322452080048,-11.387572431952844,87.5895660574833,24842,P_peak,4685
8.290947946878338,12.771571126363346,33.3232273545505,-16.741331460793816,82.50648755915128,52408,R_peak,3167
-5.556593377761453,18.721346319089065,31.13724540765312,-42.25043216317602,74.65760612898148,38114,T_peak,235
