Fiducial,Mean MAD (ms),Median MAD (ms),Std MAD (ms),Total Matched,N Subjects,Outliers Removed
P_peak,19.200922608496064,17.24892086330935,11.034751689928425,29527,91,0
R_peak,14.2316858500787,11.066766462671891,10.16365062575085,55575,100,4
T_peak,18.530967820955652,16.13731343283582,11.540440040480323,38349,101,0
T_onset,28.54396066225295,28.682926829268293,8.78153226405818,24257,97,0
T_offset,28.170333629638566,27.874465049928673,8.045649276496047,29398,103,0
