signal_id,sampling_rate,heart_rate,noise_level,n_true_peaks,n_detected_peaks,true_positives,false_positives,false_negatives,sensitivity,precision,f1_score,mean_timing_error_ms,std_timing_error_ms,max_timing_error_ms,processing_time_sec,success,error_message
ecg_250hz_75bpm_clean_seed43,250,75,clean,74,75,74,1,0,1.0,0.9866666666666667,0.9932885906040269,0.10810810810810811,0.6486486486486486,4.0,0.6315187080035685,True,
ecg_250hz_75bpm_moderate_seed44,250,75,moderate,74,74,73,1,1,0.9864864864864865,0.9864864864864865,0.9864864864864865,-0.1095890410958904,0.9298938492316242,4.0,0.703579584005638,True,
ecg_250hz_75bpm_extreme_seed45,250,75,extreme,74,76,74,2,0,1.0,0.9736842105263158,0.9866666666666666,-0.10810810810810811,1.7364733409955688,4.0,1.1072327499859966,True,
ecg_1000hz_75bpm_clean_seed46,1000,75,clean,74,75,74,1,0,1.0,0.9866666666666667,0.9932885906040269,0.02702702702702703,0.16216216216216217,1.0,0.7534406670019962,True,
ecg_1000hz_75bpm_moderate_seed47,1000,75,moderate,74,75,74,1,0,1.0,0.9866666666666667,0.9932885906040269,-0.04054054054054054,0.6026784627291286,1.0,0.9026249999878928,True,
ecg_1000hz_75bpm_extreme_seed48,1000,75,extreme,74,75,74,1,0,1.0,0.9866666666666667,0.9932885906040269,-0.14864864864864866,1.237722761085448,2.0,1.0065184169943677,True,
