mean_diff,std_diff,upper_limit,lower_limit,within_bounds_pct,n,peak,outliers_removed
28.322453016815036,56.915357707249214,139.8765541230235,-83.23164808939343,51.58259149357072,2022,p_peak,342
-0.7808965228320067,12.986674374276673,24.672985250750273,-26.234778296414284,90.57394218684541,2387,r_peak,178
-16.843705463182896,40.03289371434011,61.62076621692371,-95.30817714328951,61.09263657957244,2105,t_peak,417
