mean_diff,std_diff,upper_limit,lower_limit,within_bounds_pct,n,interval,outliers_removed
-196.33481043820777,276.58555073944916,345.77286901111256,-738.4424898875282,16.198916789758737,2031,PR,120
-45.391225689733155,39.92390200184708,32.85962223388713,-123.64207361335343,59.158751696065124,2211,QT,226
