Fiducial,Mean MAD (ms),Median MAD (ms),Std MAD (ms),Total Matched,N Subjects,Outliers Removed
p_onset,242.68958742632614,136.0,237.5208314353217,2151,89,115
p_peak,54.00091785222579,24.0,59.85060985166565,2364,92,185
r_peak,10.610808546292418,8.0,7.52980780013127,2565,97,178
t_peak,38.546409807355516,20.0,46.10725693126824,2522,95,238
t_end,51.152877697841724,44.0,36.83680329758835,2437,93,213
